n,l,m,a,w_r,w_i,A_r,A_i
0,2,0,0,0.747343369,-0.177924631,4,0
0,2,0,0.0225,0.747488897,-0.177898752,3.999860226,7.05E-05
0,2,0,0.0485,0.748020903,-0.177803817,3.999349516,0.000327771
0,2,0,0.0725,0.748862149,-0.17765265,3.998542793,0.000732686
0,2,0,0.0985,0.750160484,-0.177416797,3.997299767,0.001353146
0,2,0,0.1245,0.751872912,-0.177100934,3.995664057,0.002163216
0,2,0,0.1485,0.753834977,-0.176732224,3.993795153,0.003079809
0,2,0,0.1745,0.756393024,-0.176240386,3.991366982,0.004256282
0,2,0,0.1985,0.759175295,-0.175690782,3.988736758,0.005512075
0,2,0,0.2245,0.762675501,-0.174977006,3.985443738,0.007056711
0,2,0,0.2505,0.766719743,-0.174120119,3.981660836,0.008792599
0,2,0,0.2745,0.7709777,-0.173179032,3.977703279,0.010563622
0,2,0,0.3005,0.776215101,-0.171963788,3.97287054,0.01266229
0,2,0,0.3245,0.7816884,-0.170621554,3.967860992,0.014761207
0,2,0,0.3505,0.788395848,-0.168868087,3.961777606,0.017201266
0,2,0,0.3765,0.796025017,-0.166714201,3.954930428,0.019798042
0,2,0,0.4005,0.804011278,-0.164255723,3.947840706,0.022309568
0,2,0,0.4265,0.813857914,-0.160892695,3.93919891,0.02510753
0,2,0,0.4505,0.824239225,-0.156870039,3.930185174,0.027685766
0,2,0,0.4765,0.837110248,-0.151007122,3.919084167,0.030315278
0,2,1,0,0.747343369,-0.177924631,4,0
0,2,1,0.0225,0.753188683,-0.177809591,3.97724775,0.00541265
0,2,1,0.0485,0.760429957,-0.177610393,3.950081888,0.011853551
0,2,1,0.0725,0.767615238,-0.177357576,3.924099496,0.017975551
0,2,1,0.0985,0.775992308,-0.1770005,3.894874337,0.024797511
0,2,1,0.1245,0.785047812,-0.176545639,3.864413639,0.031814232
0,2,1,0.1485,0.794073803,-0.176026295,3.835081269,0.038460307
0,2,1,0.1745,0.804658949,-0.17533834,3.801838233,0.045837011
0,2,1,0.1985,0.81526625,-0.174567354,3.76963911,0.052800695
0,2,1,0.2245,0.827787933,-0.173555564,3.73290455,0.060497268
0,2,1,0.2505,0.841542129,-0.172319792,3.693973831,0.068329401
0,2,1,0.2745,0.855512025,-0.170932122,3.655792748,0.075648519
0,2,1,0.3005,0.872277309,-0.169088993,3.611592459,0.083623251
0,2,1,0.3245,0.88955593,-0.166981806,3.567703385,0.090955509
0,2,1,0.3505,0.910676351,-0.164108076,3.516116635,0.098741128
0,2,1,0.3765,0.934957428,-0.160373577,3.459326221,0.106142835
0,2,1,0.4005,0.961048679,-0.155800173,3.400997858,0.112291389
0,2,1,0.4265,0.994818552,-0.148901197,3.329226779,0.117489351
0,2,1,0.4505,1.033487246,-0.139362137,3.251685487,0.11950709
0,2,1,0.4765,1.08918483,-0.121292049,3.147780217,0.114063001
0,2,2,0,0.747343369,-0.177924631,4,0
0,2,2,0.0239,0.759705315,-0.177708979,3.951351961,0.011439659
0,2,2,0.0499,0.7739784,-0.177412674,3.895967053,0.024112913
0,2,2,0.0779,0.790425264,-0.177010468,3.833142172,0.038028872
0,2,2,0.1039,0.806825603,-0.17654661,3.771505186,0.051199211
0,2,2,0.1299,0.824461731,-0.175979742,3.70629322,0.064605658
0,2,2,0.1579,0.845039975,-0.175231223,3.631530031,0.079299257
0,2,2,0.1839,0.865852965,-0.174380578,3.557288395,0.093166818
0,2,2,0.2099,0.888586775,-0.173345446,3.477682759,0.10722649
0,2,2,0.2379,0.915616215,-0.17197217,3.384931452,0.122539844
0,2,2,0.2639,0.943560339,-0.170390516,3.291063488,0.136855427
0,2,2,0.2899,0.974859426,-0.168423812,3.188192513,0.151164557
0,2,2,0.3179,1.013266772,-0.165728079,3.064976865,0.166385002
0,2,2,0.3439,1.054551056,-0.162481901,2.935924884,0.180059444
0,2,2,0.3699,1.103057002,-0.158204477,2.788369211,0.192818846
0,2,2,0.3979,1.166646094,-0.151837967,2.60089226,0.204549365
0,2,2,0.4239,1.241630599,-0.143234061,2.387487108,0.211724779
0,2,2,0.4499,1.342763329,-0.129804936,2.11106365,0.211151402
0,2,2,0.4779,1.516572631,-0.102172222,1.661771318,0.186445996
0,2,2,0.495432743,1.752000885,-0.056627122,1.095991723,0.114013797
1,2,0,0,0.693421994,-0.547829751,4,0
1,2,0,0.0225,0.693616188,-0.547740688,3.999951982,0.000201495
1,2,0,0.0485,0.694325832,-0.547414016,3.999775269,0.000936647
1,2,0,0.0725,0.695447092,-0.546893971,3.999492084,0.002094446
1,2,0,0.0985,0.697175447,-0.546082899,3.999046056,0.003870071
1,2,0,0.1245,0.699450987,-0.544997255,3.998441251,0.006191032
1,2,0,0.1485,0.702052425,-0.543730779,3.997725422,0.008820862
1,2,0,0.1745,0.705434367,-0.542042688,3.996755995,0.01220194
1,2,0,0.1985,0.709099748,-0.54015804,3.995655857,0.015817807
1,2,0,0.2245,0.713690607,-0.537712994,3.994205451,0.020274733
1,2,0,0.2505,0.718964823,-0.534781353,3.992439581,0.025295327
1,2,0,0.2745,0.724479752,-0.531565939,3.99047883,0.030429641
1,2,0,0.3005,0.731204089,-0.527420085,3.987928581,0.036528107
1,2,0,0.3245,0.738152576,-0.522848784,3.985105998,0.042640371
1,2,0,0.3505,0.746540009,-0.516888832,3.981437029,0.049757644
1,2,0,0.3765,0.755872874,-0.50958673,3.976998063,0.057336188
1,2,0,0.4005,0.765343252,-0.501280843,3.972069868,0.064653843
1,2,0,0.4265,0.776449645,-0.489986342,3.965639622,0.0727568
1,2,0,0.4505,0.787169124,-0.476646005,3.958515455,0.080113926
1,2,0,0.4765,0.798202453,-0.45788649,3.949412821,0.087388311
1,2,1,0,0.693421994,-0.547829751,4,0
1,2,1,0.0219,0.699938479,-0.54718924,3.979509247,0.016190118
1,2,1,0.0479,0.708255905,-0.546207377,3.954498528,0.03591166
1,2,1,0.0739,0.71724896,-0.544963689,3.928647418,0.056172251
1,2,1,0.0979,0.726197905,-0.543558384,3.903937011,0.075347388
1,2,1,0.1239,0.736655732,-0.541722896,3.876121555,0.096624142
1,2,1,0.1499,0.747983345,-0.539516394,3.847064328,0.118410793
1,2,1,0.1739,0.759292321,-0.537099153,3.818979993,0.138955467
1,2,1,0.1999,0.77257327,-0.533997072,3.786981887,0.161651754
1,2,1,0.2259,0.78705953,-0.530295896,3.753089913,0.184757399
1,2,1,0.2519,0.80292229,-0.52586489,3.716981593,0.208198513
1,2,1,0.2759,0.818972829,-0.520974583,3.68133788,0.23003756
1,2,1,0.3019,0.838144892,-0.514581587,3.639744313,0.253753824
1,2,1,0.3279,0.859525091,-0.506710065,3.594413494,0.277268047
1,2,1,0.3519,0.881639882,-0.497686472,3.54850142,0.298422775
1,2,1,0.3779,0.90880741,-0.485249195,3.493232483,0.320065126
1,2,1,0.4039,0.940267278,-0.468709455,3.430521947,0.339108738
1,2,1,0.4279,0.97439331,-0.447602926,3.363754503,0.35217071
1,2,1,0.4539,1.019047904,-0.413119238,3.277764619,0.355856631
1,2,1,0.4799,1.0742977,-0.349335229,3.170893192,0.329856181
1,2,2,0,0.693421994,-0.547829751,4,0
1,2,2,0.0239,0.707534407,-0.54652779,3.954821875,0.035157457
1,2,2,0.0519,0.72504306,-0.544777044,3.899202735,0.076967816
1,2,2,0.0779,0.74235136,-0.542902027,3.844651619,0.116396699
1,2,2,0.1059,0.762267915,-0.540570373,3.782368722,0.159508922
1,2,2,0.1319,0.782106974,-0.538065522,3.720811106,0.20013621
1,2,2,0.1599,0.805135991,-0.534932652,3.649920536,0.244504725
1,2,2,0.1859,0.828306923,-0.531538253,3.579171564,0.28623534
1,2,2,0.2139,0.855521018,-0.527242455,3.496781883,0.331671235
1,2,2,0.2399,0.883281786,-0.522515651,3.413488979,0.374206977
1,2,2,0.2679,0.916426924,-0.516411978,3.314998446,0.420180529
1,2,2,0.2939,0.950912312,-0.509521002,3.213593594,0.46271923
1,2,2,0.3219,0.993102948,-0.500320497,3.090957278,0.507805596
1,2,2,0.3479,1.038356096,-0.489476396,2.961086319,0.548123698
1,2,2,0.3759,1.095955445,-0.474144832,2.798133774,0.588132211
1,2,2,0.4019,1.161091284,-0.454638916,2.616801644,0.619078427
1,2,2,0.4299,1.250627607,-0.423888231,2.372207227,0.638580612
1,2,2,0.4559,1.365235876,-0.377713119,2.066518382,0.627658292
1,2,2,0.48339414,1.566758407,-0.278666281,1.549859316,0.521737017
1,2,2,0.496481288,1.779156732,-0.15229279,1.037808059,0.309270126
2,2,0,0,0.602106909,-0.956553966,4,0
2,2,0,0.0225,0.602386467,-0.956365479,4.00014632,0.000305535
2,2,0,0.0485,0.603407421,-0.95567441,4.000676782,0.001420945
2,2,0,0.0725,0.6050185,-0.954575161,4.001501394,0.003179739
2,2,0,0.0985,0.607496889,-0.952862917,4.002740124,0.005882049
2,2,0,0.1245,0.610750521,-0.950575039,4.004311447,0.009423254
2,2,0,0.1485,0.614456735,-0.947911679,4.006025344,0.013447701
2,2,0,0.1745,0.619252872,-0.944370641,4.008122894,0.018639936
2,2,0,0.1985,0.624421697,-0.940428768,4.010230964,0.024214458
2,2,0,0.2245,0.630850352,-0.935331695,4.012631134,0.03111492
2,2,0,0.2505,0.638169463,-0.929243588,4.015062392,0.038924071
2,2,0,0.2745,0.645739818,-0.922593034,4.017235778,0.046945583
2,2,0,0.3005,0.654842397,-0.914055699,4.019381442,0.056512944
2,2,0,0.3245,0.664078741,-0.904686804,4.021022606,0.066134352
2,2,0,0.3505,0.674951388,-0.892535504,4.022230931,0.077357949
2,2,0,0.3765,0.686595462,-0.877739905,4.022587738,0.089293114
2,2,0,0.4005,0.697735354,-0.86103792,4.021886528,0.100734339
2,2,0,0.4265,0.709450386,-0.838605645,4.019691203,0.11315766
2,2,0,0.4505,0.718272738,-0.812831686,4.01616878,0.123939893
2,2,0,0.4765,0.721816817,-0.779593563,4.011229289,0.133715226
2,2,1,0,0.602106909,-0.956553966,4,0
2,2,1,0.0245,0.610893435,-0.954148029,3.980231116,0.03157253
2,2,1,0.0505,0.621022121,-0.951120899,3.958956607,0.065781013
2,2,1,0.0765,0.632027441,-0.947566635,3.937246297,0.100700093
2,2,1,0.1025,0.643967864,-0.94343315,3.9149461,0.13631416
2,2,1,0.1285,0.65691293,-0.938653309,3.89187773,0.172602965
2,2,1,0.1545,0.670945781,-0.933141066,3.867833164,0.209538172
2,2,1,0.1805,0.686166484,-0.926785964,3.842567284,0.24707846
2,2,1,0.2065,0.702696448,-0.919445205,3.815787926,0.285162351
2,2,1,0.2325,0.72068443,-0.910931931,3.787142215,0.323697393
2,2,1,0.2605,0.741899202,-0.900165394,3.753707105,0.365538834
2,2,1,0.2865,0.763559502,-0.88831813,3.71967793,0.404475805
2,2,1,0.3125,0.787416814,-0.874192283,3.682059132,0.44313943
2,2,1,0.3385,0.813865851,-0.857075655,3.639929226,0.480970366
2,2,1,0.3645,0.843432871,-0.835874894,3.592042084,0.517034168
2,2,1,0.3905,0.876833426,-0.808793566,3.536647339,0.54967743
2,2,1,0.4165,0.915044165,-0.772580407,3.471172159,0.575709571
2,2,1,0.4425,0.959283783,-0.720398802,3.39165833,0.588048016
2,2,1,0.4685,1.009724346,-0.633300793,3.292249664,0.566217636
2,2,1,0.492767678,1.037749505,-0.417698852,3.188496287,0.403676766
2,2,2,0,0.602106909,-0.956553966,4,0
2,2,2,0.0239,0.618951987,-0.952121498,3.960773179,0.061177204
2,2,2,0.0519,0.639757617,-0.946532199,3.912433526,0.133401878
2,2,2,0.0799,0.661842307,-0.940453315,3.861123243,0.206236305
2,2,2,0.1059,0.683630309,-0.93430151,3.810390014,0.274417903
2,2,2,0.1339,0.70865098,-0.927039117,3.751880611,0.348425603
2,2,2,0.1619,0.735512817,-0.918997481,3.688668559,0.423002913
2,2,2,0.1879,0.762358131,-0.910698472,3.625011401,0.492704343
2,2,2,0.2159,0.793665871,-0.900677896,3.550108131,0.568141529
2,2,2,0.2439,0.827932653,-0.889274746,3.467286098,0.643773407
2,2,2,0.2719,0.865808449,-0.87612251,3.374752498,0.719274398
2,2,2,0.2979,0.904995022,-0.861883467,3.27801295,0.788794378
2,2,2,0.3259,0.952730086,-0.843617024,3.158974058,0.86216341
2,2,2,0.3539,1.008072484,-0.821054322,3.019618828,0.932366733
2,2,2,0.3799,1.068859114,-0.794322718,2.86523953,0.991983005
2,2,2,0.4079,1.149027006,-0.755373054,2.659924412,1.044022716
2,2,2,0.4359,1.253022085,-0.697314935,2.391018275,1.068574996
2,2,2,0.4619,1.387624993,-0.607573837,2.039860462,1.0309861
2,2,2,0.486847674,1.60367682,-0.428058022,1.480485745,0.815267428
2,2,2,0.497246326,1.802095146,-0.228529386,0.991703414,0.467291238
3,2,0,0,0.503009924,-1.410296405,4,0
3,2,0,0.0217,0.503356215,-1.409989812,4.000427873,0.000350103
3,2,0,0.0477,0.504684083,-1.408809187,4.00206182,0.001694417
3,2,0,0.0717,0.506795861,-1.40691511,4.004638266,0.003838278
3,2,0,0.0977,0.51004858,-1.403957251,4.008553465,0.00715447
3,2,0,0.1237,0.514311983,-1.400003534,4.01358704,0.011526405
3,2,0,0.1477,0.51915193,-1.395404789,4.019165678,0.016523636
3,2,0,0.1737,0.525383436,-1.389300735,4.026134528,0.023009707
3,2,0,0.1977,0.53205415,-1.382521168,4.033325906,0.030016381
3,2,0,0.2237,0.540278841,-1.373779539,4.041806534,0.038744033
3,2,0,0.2497,0.549535171,-1.363373892,4.050835133,0.048683409
3,2,0,0.2737,0.558973282,-1.352048791,4.059470573,0.058949404
3,2,0,0.2997,0.570108482,-1.337569842,4.068904554,0.071247744
3,2,0,0.3237,0.581118967,-1.321750367,4.077411617,0.083645542
3,2,0,0.3497,0.59359606,-1.301332096,4.086034216,0.098090869
3,2,0,0.3757,0.606125904,-1.276616344,4.093563585,0.113326123
3,2,0,0.3997,0.616783719,-1.248934712,4.099057839,0.127621801
3,2,0,0.4257,0.625050053,-1.212349616,4.102966375,0.142353327
3,2,0,0.4497,0.62512433,-1.172405414,4.104899537,0.15361365
3,2,0,0.4757,0.611579366,-1.129853251,4.107782576,0.162015743
3,2,1,0,0.503009924,-1.410296405,4,0
3,2,1,0.0245,0.512857414,-1.404963312,3.983840935,0.046393174
3,2,1,0.0505,0.524348259,-1.398501187,3.967183795,0.096312957
3,2,1,0.0765,0.536961318,-1.391158143,3.950851011,0.146907819
3,2,1,0.1045,0.551868932,-1.382179017,3.9333805,0.202112867
3,2,1,0.1305,0.567017275,-1.3727412,3.917005844,0.254003492
3,2,1,0.1565,0.583509578,-1.362111976,3.900190727,0.30645324
3,2,1,0.1825,0.601447122,-1.350124049,3.882598178,0.359399634
3,2,1,0.2105,0.622521079,-1.335443759,3.862323119,0.416869297
3,2,1,0.2365,0.643879719,-1.319860783,3.841746973,0.470505112
3,2,1,0.2625,0.667150408,-1.302001073,3.818878205,0.524184005
3,2,1,0.2885,0.69256203,-1.281331633,3.792975615,0.577573765
3,2,1,0.3165,0.722654524,-1.255061432,3.760598643,0.634137697
3,2,1,0.3425,0.753523836,-1.225749319,3.725040194,0.684864607
3,2,1,0.3685,0.787703946,-1.189901916,3.68244057,0.732324689
3,2,1,0.3945,0.825817391,-1.144555709,3.63036529,0.77378206
3,2,1,0.4225,0.872138486,-1.078614965,3.559447969,0.805331458
3,2,1,0.4485,0.92074395,-0.98764732,3.473317509,0.808160432
3,2,1,0.4745,0.973734693,-0.823840446,3.355161461,0.738931893
3,2,1,0.495258396,1.026351328,-0.462655113,3.201147265,0.448325403
3,2,2,0,0.503009924,-1.410296405,4,0
3,2,2,0.0245,0.522291793,-1.400104731,3.966624425,0.09211777
3,2,2,0.0525,0.545641988,-1.387837576,3.926936412,0.197355253
3,2,2,0.0805,0.570507486,-1.374822082,3.88508161,0.302566842
3,2,2,0.1085,0.597030571,-1.360945404,3.840442125,0.407758611
3,2,2,0.1365,0.625385072,-1.346067249,3.792300348,0.512916315
3,2,2,0.1645,0.65578693,-1.330012641,3.739808905,0.617993632
3,2,2,0.1925,0.688509572,-1.312561798,3.681948111,0.722895933
3,2,2,0.2205,0.723907279,-1.29343547,3.617463789,0.827457255
3,2,2,0.2485,0.762452505,-1.272272727,3.544772527,0.931406429
3,2,2,0.2765,0.804798895,-1.248595029,3.461809314,1.034314737
3,2,2,0.3025,0.848345868,-1.223783955,3.373136027,1.128356866
3,2,2,0.3305,0.901141,-1.193124034,3.261364716,1.226997063
3,2,2,0.3585,0.962331704,-1.156873037,3.126752888,1.321110599
3,2,2,0.3865,1.035977183,-1.112109419,2.959047751,1.406994174
3,2,2,0.4145,1.129334527,-1.052124315,2.739422655,1.47521755
3,2,2,0.4425,1.254479558,-0.960138151,2.432540094,1.498078144
3,2,2,0.4705,1.434680366,-0.792724124,1.96482511,1.390569789
3,2,2,0.490064524,1.645681951,-0.540552438,1.402271007,1.047727526
3,2,2,0.49771135,1.817789582,-0.295186154,0.96362378,0.606315172
4,2,0,0,0.41502916,-1.893689782,4,0
4,2,0,0.0219,0.415468826,-1.893223944,4.000857068,0.000395179
4,2,0,0.0479,0.417131699,-1.891452845,4.004089883,0.001895664
4,2,0,0.0719,0.419763571,-1.888619329,4.009178225,0.004289453
4,2,0,0.0979,0.423798052,-1.884201428,4.016910465,0.008003902
4,2,0,0.1239,0.429054629,-1.87830447,4.02686058,0.012924874
4,2,0,0.1479,0.434979911,-1.871455038,4.037906043,0.018582095
4,2,0,0.1739,0.442542013,-1.862377544,4.051737488,0.025972193
4,2,0,0.1979,0.450550675,-1.852312471,4.066058273,0.034008676
4,2,0,0.2239,0.460293954,-1.839358575,4.083023809,0.044083947
4,2,0,0.2499,0.471069077,-1.823970759,4.101202966,0.055625928
4,2,0,0.2739,0.481818563,-1.807258169,4.118740137,0.06759703
4,2,0,0.2999,0.494128558,-1.785937191,4.138131374,0.081961155
4,2,0,0.3239,0.505787846,-1.762692451,4.155923232,0.096404133
4,2,0,0.3499,0.518105298,-1.732759126,4.174441209,0.113062108
4,2,0,0.3759,0.528826783,-1.69664086,4.191374277,0.130177908
4,2,0,0.3999,0.534998116,-1.656460309,4.204838925,0.145312229
4,2,0,0.4259,0.531956863,-1.604771239,4.21673439,0.158569383
4,2,0,0.4499,0.510456935,-1.556855863,4.228130662,0.16451934
4,2,0,0.4759,0.479255243,-1.522659355,4.246205783,0.168700714
4,2,1,0,0.41502916,-1.893689782,4,0
4,2,1,0.0245,0.425139905,-1.884666771,3.987282188,0.062116571
4,2,1,0.0505,0.437204339,-1.873895804,3.975472024,0.128551669
4,2,1,0.0785,0.451794318,-1.860849661,3.964395475,0.200620489
4,2,1,0.1045,0.466887526,-1.847296134,3.955310492,0.267969224
4,2,1,0.1325,0.484882489,-1.831002408,3.94640833,0.340896995
4,2,1,0.1585,0.503288131,-1.814114709,3.938531363,0.408921746
4,2,1,0.1845,0.523416829,-1.795301381,3.930549568,0.477160312
4,2,1,0.2125,0.547140999,-1.772538866,3.921204101,0.550753545
4,2,1,0.2385,0.5712062,-1.748645683,3.911128559,0.618996348
4,2,1,0.2665,0.599496891,-1.719292848,3.89782618,0.692049184
4,2,1,0.2925,0.628175238,-1.687848209,3.882124291,0.758979361
4,2,1,0.3185,0.659415787,-1.651233335,3.861873651,0.824257854
4,2,1,0.3465,0.69626542,-1.604105364,3.83300771,0.89123267
4,2,1,0.3725,0.733858479,-1.550374978,3.797117806,0.947936751
4,2,1,0.4005,0.778550438,-1.476322865,3.744531487,0.99808114
4,2,1,0.4265,0.824715633,-1.382692993,3.676576352,1.024960026
4,2,1,0.4525,0.8771575,-1.242357838,3.578393612,1.010231122
4,2,1,0.4805,0.952829491,-0.952200568,3.399668566,0.860859076
4,2,1,0.496300065,1.017840805,-0.515622303,3.215829784,0.499447517
4,2,2,0,0.41502916,-1.893689782,4,0
4,2,2,0.0265,0.436445763,-1.874886674,3.970879905,0.13333121
4,2,2,0.0545,0.460933205,-1.854025191,3.940100377,0.27313617
4,2,2,0.0825,0.487414244,-1.832049813,3.908539974,0.411832421
4,2,2,0.1105,0.515989491,-1.808820163,3.875339439,0.54941201
4,2,2,0.1385,0.546785172,-1.784141735,3.839540176,0.685843896
4,2,2,0.1665,0.579964056,-1.757757041,3.800051161,0.821048265
4,2,2,0.1965,0.618399217,-1.727214697,3.752200261,0.964363013
4,2,2,0.2245,0.657261803,-1.696132432,3.700754386,1.096372299
4,2,2,0.2525,0.699388223,-1.662001138,3.640852035,1.226202293
4,2,2,0.2805,0.7452737,-1.62411796,3.570158981,1.353104729
4,2,2,0.3085,0.795606579,-1.581589582,3.485672865,1.47595814
4,2,2,0.3365,0.851420507,-1.533307529,3.383371774,1.593165699
4,2,2,0.3645,0.914532529,-1.478006161,3.257431778,1.702712581
4,2,2,0.3945,0.995253334,-1.409620793,3.084374374,1.809757887
4,2,2,0.4225,1.09905257,-1.333408597,2.855711323,1.898656635
4,2,2,0.4505,1.2631303,-1.203289126,2.47757762,1.921007722
4,2,2,0.477044606,1.48062487,-0.945708019,1.902280915,1.704622299
4,2,2,0.491836811,1.672442269,-0.645012794,1.364790493,1.263105278
4,2,2,0.497925803,1.825366083,-0.363429378,0.956155839,0.74804367
5,2,0,0,0.338598806,-2.391216108,4,0
5,2,0,0.0225,0.33917738,-2.390551285,4.001484816,0.000429959
5,2,0,0.0485,0.341282092,-2.388115768,4.006881233,0.00200701
5,2,0,0.0725,0.344577094,-2.384248116,4.01531349,0.004516845
5,2,0,0.0985,0.349583479,-2.378239179,4.028086719,0.008426141
5,2,0,0.1245,0.356041533,-2.370239119,4.044492369,0.013640936
5,2,0,0.1485,0.363240176,-2.360966798,4.062681619,0.019684646
5,2,0,0.1745,0.372305623,-2.348704036,4.085439135,0.027648734
5,2,0,0.1985,0.381755368,-2.335135971,4.108988894,0.036382869
5,2,0,0.2245,0.393031225,-2.317711625,4.136882237,0.04741451
5,2,0,0.2505,0.40518994,-2.297060158,4.166778596,0.060124037
5,2,0,0.2745,0.41693761,-2.274677847,4.195643988,0.073337068
5,2,0,0.3005,0.429790297,-2.246179607,4.227616962,0.089150908
5,2,0,0.3245,0.441115604,-2.21516469,4.257042732,0.104886722
5,2,0,0.3505,0.451511654,-2.17529595,4.287832788,0.122579151
5,2,0,0.3765,0.457335415,-2.127343564,4.316287069,0.139661978
5,2,0,0.4005,0.453579288,-2.074626171,4.339521669,0.152454423
5,2,0,0.4265,0.425621962,-2.012757637,4.363110855,0.156973698
5,2,0,0.4505,0.386736017,-1.987112691,4.39682139,0.156497125
5,2,0,0.4765,0.352269609,-1.963494286,4.434970826,0.156881608
5,2,1,0,0.338598806,-2.391216108,4,0
5,2,1,0.0245,0.348394425,-2.377646555,3.990538077,0.078234551
5,2,1,0.0525,0.361659192,-2.36033069,3.983370981,0.167852621
5,2,1,0.0785,0.375998005,-2.342517605,3.979776766,0.251167964
5,2,1,0.1065,0.393643884,-2.321403563,3.978673855,0.340923591
5,2,1,0.1325,0.412087453,-2.299881413,3.979689835,0.424249552
5,2,1,0.1605,0.434175489,-2.274412502,3.98233009,0.513913367
5,2,1,0.1865,0.456767616,-2.248327562,3.985551096,0.597035537
5,2,1,0.2145,0.483372812,-2.21713337,3.988998024,0.686265431
5,2,1,0.2405,0.510242018,-2.18468563,3.99126439,0.768631569
5,2,1,0.2685,0.541594949,-2.145077264,3.99146661,0.856375519
5,2,1,0.2965,0.57557751,-2.099291906,3.987731395,0.942359774
5,2,1,0.3225,0.609629957,-2.049510326,3.978852152,1.019463642
5,2,1,0.3505,0.649186281,-1.985216343,3.960689578,1.097368725
5,2,1,0.3765,0.688838347,-1.911402343,3.932228197,1.161416574
5,2,1,0.4045,0.735205509,-1.808482607,3.882830909,1.214046022
5,2,1,0.4305,0.783215419,-1.676254686,3.809301598,1.233844352
5,2,1,0.4585,0.847779878,-1.455935817,3.6750446,1.187592345
5,2,1,0.483860181,0.938025291,-1.075660391,3.44685912,0.974729742
5,2,1,0.496980289,1.010915631,-0.564858253,3.229918442,0.546656631
5,2,2,0,0.338598806,-2.391216108,4,0
5,2,2,0.0219,0.355604669,-2.367806695,3.981169347,0.138866279
5,2,2,0.0479,0.37832623,-2.338881679,3.960704639,0.301663531
5,2,2,0.0719,0.401699086,-2.311191381,3.942817513,0.449948122
5,2,2,0.0979,0.429534241,-2.280118954,3.923581197,0.60849094
5,2,2,0.1239,0.45990662,-2.247795902,3.903488423,0.764917213
5,2,2,0.1479,0.490164945,-2.216627304,3.883243178,0.907456098
5,2,2,0.1739,0.525381059,-2.181074765,3.858357133,1.059812785
5,2,2,0.1999,0.563231144,-2.14320168,3.829081195,1.209851967
5,2,2,0.2239,0.600659485,-2.105669316,3.796795134,1.345988353
5,2,2,0.2499,0.644139962,-2.061523937,3.754345196,1.49034584
5,2,2,0.2759,0.690993098,-2.012824315,3.701871527,1.630503961
5,2,2,0.2999,0.737590036,-1.962750986,3.642070505,1.754830095
5,2,2,0.3259,0.792144963,-1.90137961,3.561629391,1.881777666
5,2,2,0.3519,0.851397143,-1.830312162,3.460572338,1.996893422
5,2,2,0.3759,0.910389998,-1.753276856,3.344507765,2.087229983
5,2,2,0.4019,0.977471001,-1.653707047,3.190381799,2.158593132
5,2,2,0.4279,1.039738271,-1.541455892,3.016056447,2.198115129
5,2,2,0.450885066,1.072228354,-1.497446938,2.905141257,2.291903866
5,2,2,0.476077401,1.035569061,-1.454231533,2.892332749,2.360184557
6,2,0,0,0.26650468,-2.895821252,4,0
6,2,0,0.0225,0.267276211,-2.894958918,4.002203222,0.000410273
6,2,0,0.0485,0.270072697,-2.891802396,4.010208701,0.001922568
6,2,0,0.0725,0.274419294,-2.886797825,4.022711853,0.004352086
6,2,0,0.0985,0.28095234,-2.879041252,4.041638278,0.008186417
6,2,0,0.1245,0.289257812,-2.8687475,4.065924162,0.013383179
6,2,0,0.1485,0.298360061,-2.856859845,4.092821981,0.019502943
6,2,0,0.1745,0.309596591,-2.841201529,4.126436128,0.027692398
6,2,0,0.2005,0.322037911,-2.822381808,4.164220295,0.03762406
6,2,0,0.2245,0.334341451,-2.801888345,4.202281128,0.048416875
6,2,0,0.2505,0.348198822,-2.775852912,4.246286693,0.06189636
6,2,0,0.2765,0.362074686,-2.745202461,4.292330755,0.077155031
6,2,0,0.3005,0.374182099,-2.712069971,4.335738929,0.092586742
6,2,0,0.3265,0.385244234,-2.669846633,4.382558752,0.110189764
6,2,0,0.3525,0.391692821,-2.619540954,4.427681206,0.127459171
6,2,0,0.3765,0.389009235,-2.564397191,4.46638032,0.14072899
6,2,0,0.4025,0.363913815,-2.495752244,4.50466658,0.145765564
6,2,0,0.4285,0.298930294,-2.472845149,4.563079765,0.133503252
6,2,0,0.4525,0.270522165,-2.451604684,4.616660974,0.132687241
6,2,0,0.477807075,0.250717795,-2.433794941,4.67623573,0.135098025
6,2,1,0,0.26650468,-2.895821252,4,0
6,2,1,0.0245,0.275510518,-2.875466554,3.993840527,0.094464333
6,2,1,0.0525,0.289441848,-2.850029041,3.992561649,0.201970145
6,2,1,0.0805,0.307086104,-2.82275003,3.996625294,0.308911766
6,2,1,0.1065,0.326460805,-2.795963744,4.00445837,0.407743944
6,2,1,0.1345,0.350141942,-2.765451458,4.016499653,0.513749013
6,2,1,0.1625,0.376386198,-2.732833365,4.031460864,0.619359504
6,2,1,0.1885,0.402822052,-2.70011849,4.047161114,0.717047591
6,2,1,0.2165,0.433369089,-2.661484736,4.065001081,0.821692807
6,2,1,0.2445,0.46600132,-2.618259249,4.082523635,0.925419544
6,2,1,0.2725,0.500708542,-2.569008309,4.098069216,1.027590688
6,2,1,0.2985,0.534818349,-2.516169561,4.108848143,1.12011345
6,2,1,0.3265,0.573622289,-2.448964089,4.113780354,1.215461318
6,2,1,0.3545,0.614648781,-2.366859243,4.107768511,1.303180094
6,2,1,0.3805,0.654951257,-2.271105053,4.086963359,1.372738678
6,2,1,0.4085,0.701795402,-2.135086671,4.038350115,1.42462266
6,2,1,0.4365,0.756753715,-1.941300425,3.943307927,1.431846274
6,2,1,0.4625,0.826086994,-1.663823189,3.77915266,1.355891792
6,2,1,0.487448448,0.935039309,-1.150483194,3.471569568,1.050211771
6,2,1,0.497500228,1.00617297,-0.60653329,3.241510734,0.586660584
6,2,2,0,0.26650468,-2.895821252,4,0
6,2,2,0.0265,0.286393197,-2.852898213,3.98393047,0.202424172
6,2,2,0.0545,0.314660628,-2.806867383,3.971335541,0.4115882
6,2,2,0.0845,0.351209839,-2.758389426,3.960460538,0.6310271
6,2,2,0.1125,0.389397991,-2.713753416,3.951060356,0.832240309
6,2,2,0.1425,0.433627333,-2.665515193,3.940145642,1.044484527
6,2,2,0.1705,0.477697271,-2.618933921,3.927528505,1.239593168
6,2,2,0.2005,0.528008114,-2.566032041,3.909222772,1.445238094
6,2,2,0.2285,0.57818889,-2.512582726,3.885169895,1.633465742
6,2,2,0.2585,0.63597139,-2.449329291,3.848429566,1.830052166
6,2,2,0.2865,0.694341128,-2.382842938,3.799734254,2.007023231
6,2,2,0.3145,0.757876331,-2.306730454,3.731782608,2.174828714
6,2,2,0.3445,0.833002208,-2.210550185,3.629424326,2.338895096
6,2,2,0.3725,0.911398464,-2.101316277,3.495426364,2.468020041
6,2,2,0.4025,1.006805343,-1.951974459,3.292671984,2.560252769
6,2,2,0.4305,1.108995733,-1.758164536,3.021307965,2.557352262
6,2,2,0.457390948,1.273955791,-1.447788041,2.550032946,2.35723147
6,2,2,0.481234186,1.515852767,-1.085422068,1.873781089,1.992644802
6,2,2,0.493548032,1.703282195,-0.718680683,1.314402465,1.422974209
6,2,2,0.498271703,1.839184613,-0.409626747,0.932820889,0.846321559
7,2,0,0,0.185644671,-3.407682344,4,0
7,2,0,0.029,0.187721639,-3.405729582,4.005092798,0.000562986
7,2,0,0.057,0.193532293,-3.400150242,4.01959203,0.002235277
7,2,0,0.085,0.202720712,-3.390962223,4.04326633,0.005179959
7,2,0,0.113,0.21478981,-3.378159558,4.075728937,0.009630479
7,2,0,0.141,0.229185981,-3.3616703,4.116446397,0.015853049
7,2,0,0.169,0.245347402,-3.341321078,4.164735604,0.024107949
7,2,0,0.199,0.263977732,-3.314884538,4.223914405,0.035451234
7,2,0,0.227,0.281939346,-3.2853788,4.284998392,0.04849971
7,2,0,0.255,0.299672849,-3.25049657,4.35045078,0.063886127
7,2,0,0.283,0.316080406,-3.209253052,4.418751098,0.081297112
7,2,0,0.311,0.329357513,-3.160271437,4.488042732,0.099921642
7,2,0,0.339,0.33609922,-3.101658117,4.55605575,0.117935011
7,2,0,0.367,0.328590734,-3.031150189,4.620194021,0.131020677
7,2,0,0.397,0.274472348,-2.946557564,4.685045992,0.123471841
7,2,0,0.423485424,0.241200308,-2.956800552,4.781779437,0.122345937
7,2,0,0.447094893,0.211832392,-2.941077587,4.859110514,0.117900121
7,2,0,0.46640537,0.172450777,-2.923690074,4.921542702,0.102946733
7,2,0,0.477946772,0.172375615,-2.916182775,4.960383707,0.107199952
7,2,0,0.486501677,0.168546571,-2.917827387,4.994168389,0.108150087
7,2,1,0,0.185644671,-3.407682344,4,0
7,2,1,0.025,0.193521817,-3.371367517,3.997637133,0.112821273
7,2,1,0.051,0.211360362,-3.333370469,4.002265422,0.228552624
7,2,1,0.077,0.235498193,-3.297785799,4.012952235,0.343113966
7,2,1,0.103,0.262901128,-3.264240491,4.028999846,0.456996522
7,2,1,0.129,0.291988904,-3.231376929,4.049869658,0.570473268
7,2,1,0.153,0.319759667,-3.200435239,4.072906373,0.674928648
7,2,1,0.179,0.35064411,-3.165072922,4.101267135,0.787705517
7,2,1,0.205,0.382351645,-3.126641746,4.132270316,0.899885526
7,2,1,0.231,0.414952817,-3.083930652,4.1647502,1.011114404
7,2,1,0.257,0.448536365,-3.035564982,4.197220883,1.120826956
7,2,1,0.281,0.480472203,-2.984426741,4.225534718,1.219992818
7,2,1,0.307,0.51612248,-2.919853771,4.252056315,1.323837873
7,2,1,0.333,0.552888493,-2.842552181,4.270912877,1.421769912
7,2,1,0.359,0.590871364,-2.747529277,4.277144531,1.510080963
7,2,1,0.385,0.630675084,-2.626687166,4.263003727,1.582485865
7,2,1,0.409,0.671018044,-2.480694638,4.220796546,1.626098424
7,2,1,0.435,0.723929741,-2.264418579,4.12351994,1.630903627
7,2,1,0.461,0.795208255,-1.942014438,3.936653863,1.548854442
7,2,1,0.484608417,0.898492385,-1.419017902,3.610531604,1.263287428
7,2,2,0,0.185644671,-3.407682344,4,0
7,2,2,0.027,0.208679434,-3.332362258,3.990913643,0.24063347
7,2,2,0.053,0.250068632,-3.27150765,3.986711367,0.465452792
7,2,2,0.079,0.295486879,-3.221149143,3.98525359,0.686385001
7,2,2,0.107,0.344433859,-3.172088486,3.986236698,0.921295425
7,2,2,0.133,0.389707505,-3.127526619,3.98873144,1.136935566
7,2,2,0.159,0.435425502,-3.081763882,3.991545176,1.350126451
7,2,2,0.185,0.482283781,-3.033378411,3.99308454,1.560636674
7,2,2,0.213,0.534779789,-2.97698329,3.990979761,1.783872959
7,2,2,0.239,0.586091891,-2.919367222,3.982794337,1.987239001
7,2,2,0.265,0.640550982,-2.855279351,3.965261462,2.185736073
7,2,2,0.291,0.698903272,-2.782965392,3.934164247,2.377656055
7,2,2,0.319,0.7671518,-2.693168521,3.87909815,2.573794122
7,2,2,0.345,0.836839537,-2.595115812,3.799818975,2.741217882
7,2,2,0.371,0.914362649,-2.477692018,3.682397364,2.886365283
7,2,2,0.397,1.002314606,-2.332530144,3.510850321,2.994873873
7,2,2,0.425,1.113748116,-2.127354975,3.235959446,3.037590971
7,2,2,0.451,1.243359115,-1.85340208,2.84370625,2.93449159
7,2,2,0.473294785,1.415293038,-1.480139828,2.281190435,2.594753161
7,2,2,0.487830075,1.598404403,-1.096831737,1.692564059,2.08691612