column,type,trained,metric_primary,metric_secondary,fallback
Ownsend_Deprivation_Index,regression,True,mse=3.03671,r2=0.6825,none
Number_of_Self-Reported_Cancers,regression,True,mse=0.01536,r2=0.8008,none
Operations,regression,True,mse=1.65087,r2=0.3075,none
Number_of_Treatments/Medications,regression,True,mse=2.40922,r2=0.6692,none
Number_of_Self-Reported_Non-Cancer_Illnesses,regression,True,mse=1.53121,r2=0.5638,none
Aidememoire_Completed,regression,False,mse=0.15893,r2=0.0430,median
Sexual_History,regression,True,mse=0.05077,r2=0.4014,none
Added_Salt,regression,True,mse=0.22884,r2=0.0754,none
Handedness,regression,True,mse=0.09320,r2=0.0545,none
Current_Tobacco_Smoking,regression,True,mse=0.00001,r2=0.9999,none
Accommodation_Type,regression,True,mse=0.05787,r2=0.4082,none
Alcohol_Intake_Frequency,regression,True,mse=0.00034,r2=0.9956,none
Milk_Type,regression,True,mse=0.19374,r2=0.1529,none
Insomnia,regression,True,mse=0.15658,r2=0.1454,none
Glasses_Wear,regression,True,mse=0.08702,r2=0.1445,none
Alcohol_Status,regression,True,mse=0.00001,r2=0.9999,none
Pacemaker,regression,True,mse=0.00194,r2=0.3678,none
Computer_Gaming,regression,True,mse=0.14589,r2=0.1162,none
Birth_Country,regression,True,mse=0.08208,r2=0.5226,none
Day_Napping,regression,True,mse=0.20236,r2=0.1787,none
Hair_Color,regression,True,mse=0.22422,r2=0.0561,none
Poultry,regression,True,mse=0.01650,r2=0.6699,none
Waist_Circumference,regression,True,mse=21.89398,r2=0.8808,none
Tea,regression,True,mse=6.09476,r2=0.2554,none
Hip_Circumference,regression,True,mse=13.19761,r2=0.8465,none
Processed_Meat_Intake,regression,True,mse=0.04308,r2=0.5001,none
Coffee,regression,True,mse=3.11790,r2=0.2826,none
Diet_Change,regression,True,mse=0.20395,r2=0.1449,none
Adopted,regression,False,mse=0.01467,r2=-0.0032,median
Standing_Height,regression,True,mse=0.92470,r2=0.9892,none
Diabetes_Diagnosis,regression,True,mse=0.01807,r2=0.6474,none
Eye_Problems,regression,True,mse=0.11966,r2=0.0556,none
Falls,regression,True,mse=0.14412,r2=0.0938,none
Current_Residence_Duration,regression,True,mse=111.30535,r2=0.2432,none
Cancer_Diagnosis,regression,True,mse=0.01289,r2=0.8208,none
Weight,regression,True,mse=0.38324,r2=0.9985,none
Ethnicity,regression,True,mse=0.05108,r2=0.4994,none
Smoked,regression,True,mse=0.19598,r2=0.1850,none
Smoking_Status,regression,True,mse=0.00003,r2=0.9996,none
Other_Prescription_Medications,regression,True,mse=0.11891,r2=0.5227,none
BMI,regression,True,mse=0.06996,r2=0.9969,none
Cereal,regression,True,mse=6.16983,r2=0.2266,none
Fresh_Fruit,regression,True,mse=2.10727,r2=0.2082,none
Hand_Grip_Strength_(Right),regression,True,mse=20.45542,r2=0.8401,none
Beef_Intake,regression,True,mse=0.04843,r2=0.5084,none
Hand_Grip_Strength_(Left),regression,True,mse=20.41612,r2=0.8406,none
Overall_Health_Rating,regression,True,mse=0.02892,r2=0.3373,none
Psychiatrist_Visits,regression,True,mse=0.07183,r2=0.2951,none
Non_Oily_Fish,regression,True,mse=0.02499,r2=0.4516,none
Fractures,regression,False,mse=0.08456,r2=0.0343,median
Daytime_Dozing,regression,True,mse=0.15195,r2=0.1684,none
Spirometry_Contraindications,regression,True,mse=0.00493,r2=0.9302,none
Oily_Fish,regression,True,mse=0.06648,r2=0.3064,none
Sleep_Duration,regression,True,mse=1.14679,r2=0.0885,none
Pork,regression,True,mse=0.08622,r2=0.4008,none
Lamb_Mutton,regression,True,mse=0.09012,r2=0.3838,none
Incorrect_Matches,regression,True,mse=3.19447,r2=0.1079,none
Willingness_for_Cognitive_Tests,regression,True,mse=0.00715,r2=0.6377,none
Water_Intake,regression,True,mse=4.02436,r2=0.2531,none
Water_300m,regression,True,mse=82.21683,r2=0.8698,none
Natural_Environment_(1000m_Buffer),regression,True,mse=20.10810,r2=0.9693,none
Natural_Environment_300m,regression,True,mse=24.21351,r2=0.9687,none
GP_Visits_for_Mental_Health,regression,True,mse=0.13707,r2=0.3873,none
Home_Area_Population_Density,regression,True,mse=0.01900,r2=0.8828,none
TV_Time,regression,True,mse=2.19738,r2=0.2620,none
Disability/Mobility_Allowance,regression,True,mse=0.03385,r2=0.4068,none
Wake_Up_Ease,regression,True,mse=0.03346,r2=0.1082,none
Spread_Type,regression,True,mse=0.08664,r2=0.1012,none
Match_Identification_Time,regression,True,mse=11765.66602,r2=0.1531,none
UV_Protection,regression,True,mse=0.07551,r2=0.1674,none
Seated_Height,regression,True,mse=9.22653,r2=0.8201,none
Seating_Box_Height,regression,True,mse=0.00028,r2=0.8925,none
Sitting_Height,regression,True,mse=1.85534,r2=0.9227,none
Hot_Drink_Temperature,regression,False,mse=0.12885,r2=0.0284,median
Chest_Pain_Discomfort,regression,True,mse=0.11280,r2=0.1704,none
Dried_Fruit,regression,True,mse=2.92822,r2=0.0881,none
Diet_Variation,regression,True,mse=0.20759,r2=0.0766,none
Major_Road_Traffic,regression,True,mse=0.00004,r2=0.8855,none
Nearest_Road_Distance,regression,True,mse=49187815.57922,r2=0.8913,none
PM10_Air_2007,regression,True,mse=0.00837,r2=0.9996,none
Nearest_Road_Traffic,regression,True,mse=0.00144,r2=0.7221,none
NO2_Air_Pollution_(2005),regression,True,mse=0.45550,r2=0.9955,none
NO2_Air_Pollution_(2006),regression,True,mse=0.37226,r2=0.9956,none
PM2.5_to_10_Air_2010,regression,True,mse=4921075.06406,r2=0.7997,none
Major_Road_Distance,regression,True,mse=89375062275.11403,r2=0.9296,none
NO2_Air_Pollution_(2010),regression,True,mse=0.68771,r2=0.9879,none
Road_Traffic_Load,regression,True,mse=558.05541,r2=0.9083,none
Trunk_Fat_Percentage,regression,True,mse=11.20265,r2=0.9531,none
Evening_Noise_Level,regression,True,mse=0.00841,r2=0.9996,none
Nighttime_Noise_Level,regression,True,mse=0.00860,r2=0.9995,none
Proximity_to_Major_Road,regression,True,mse=0.00491,r2=0.9277,none
Hour-16_Noise_Level,regression,True,mse=0.00856,r2=0.9995,none
Daytime_Noise_Level,regression,True,mse=0.00831,r2=0.9996,none
Road_Length,regression,True,mse=0.47892,r2=0.9958,none
Cooked_Vegetables,regression,True,mse=3.27094,r2=0.1751,none
Salad_Intake,regression,True,mse=3.73412,r2=0.2083,none
Social_Visits,regression,True,mse=0.01657,r2=0.0511,none
Recent_Stress_Events,regression,True,mse=0.22579,r2=0.0891,none
Phone_Use_Duration,regression,True,mse=0.11437,r2=0.1156,none
Skin_Color,regression,True,mse=0.19061,r2=0.1207,none
NO2_Air_2007,regression,True,mse=0.47331,r2=0.9427,none
Computer_Time,regression,True,mse=1.83010,r2=0.1338,none
Bowel_Screening,regression,True,mse=0.17538,r2=0.1949,none
Weight_Change_(1_Year),regression,True,mse=0.21421,r2=0.1316,none
Loneliness/Isolation,regression,True,mse=0.10941,r2=0.2875,none
Driving_Time,regression,True,mse=1.24548,r2=0.2583,none
Whole_Body_Water_Mass,regression,True,mse=0.02345,r2=0.9997,none
Basal_Metabolic_Rate,regression,True,mse=469.91901,r2=0.9997,none
Right_Leg_Impedance,regression,True,mse=21.39709,r2=0.9839,none
Left_Leg_Impedance,regression,True,mse=18.76451,r2=0.9853,none
Whole_Body_Fat-Free_Mass,regression,True,mse=0.02022,r2=0.9998,none
Right_Leg_Fat_Percentage,regression,True,mse=0.07534,r2=0.9993,none
Left_Arm_Impedance,regression,True,mse=30.00962,r2=0.9907,none
Right_Leg_Fat_Mass,regression,True,mse=0.00680,r2=0.9981,none
Right_Leg_Fat_Free_Mass,regression,True,mse=0.00192,r2=0.9995,none
Right_Leg_Predicted_Mass,regression,True,mse=0.00188,r2=0.9995,none
Whole_Body_Impedance,regression,True,mse=157.82494,r2=0.9803,none
Left_Leg_Fat_Percentage,regression,True,mse=0.07565,r2=0.9993,none
Right_Arm_Impedance,regression,True,mse=85.94955,r2=0.9723,none
Left_Leg_Fat_Mass,regression,True,mse=0.00534,r2=0.9985,none
Left_Leg_Fat-Free_Mass,regression,True,mse=0.00176,r2=0.9996,none
Left_Leg_Predicted_Mass,regression,True,mse=0.00150,r2=0.9996,none
Right_Arm_Fat_Percentage,regression,True,mse=0.16739,r2=0.9984,none
Right_Arm_Fat_Mass,regression,True,mse=0.00189,r2=0.9954,none
Right_Arm_Fat-Free_Mass,regression,True,mse=0.00138,r2=0.9980,none
Right_Arm_Predicted_Mass,regression,True,mse=0.00122,r2=0.9980,none
Left_Arm_Fat_Percentage,regression,True,mse=0.15265,r2=0.9986,none
Left_Arm_Fat_Mass,regression,True,mse=0.00200,r2=0.9961,none
Left_Arm_Fat-Free_Mass,regression,True,mse=0.00142,r2=0.9980,none
Height_At_10,regression,True,mse=0.11467,r2=0.2967,none
Left_Arm_Predicted_Mass,regression,True,mse=0.00128,r2=0.9980,none
Body_Fat_Percentage,regression,True,mse=0.04620,r2=0.9994,none
Reticulocyte_Percentage,regression,True,mse=0.07625,r2=0.9988,none
Trunk_Fat_Mass,regression,True,mse=0.03267,r2=0.9988,none
Trunk_Fat-Free_Mass,regression,True,mse=0.01580,r2=0.9996,none
Trunk_Predicted_Mass,regression,True,mse=0.00868,r2=0.9997,none
Miserableness,regression,True,mse=0.14343,r2=0.4137,none
Solarium_Use,regression,False,mse=18.99546,r2=-0.0101,median
Weekly_Walking_Days,regression,True,mse=0.00580,r2=0.7195,none
Other_Serious_Medical_Conditions,regression,True,mse=0.11604,r2=0.2884,none
Bread,regression,True,mse=60.18592,r2=0.2012,none
Whole_Body_Fat_Mass,regression,True,mse=0.06344,r2=0.9993,none
Body_Size_At_10,regression,True,mse=0.19814,r2=0.1080,none
Wheezing,regression,True,mse=0.11852,r2=0.2935,none
Fed-Up_Feelings,regression,True,mse=0.13092,r2=0.4578,none
Longstanding_Illness/Disability,regression,True,mse=0.12172,r2=0.4460,none
Mood_Swings,regression,True,mse=0.13213,r2=0.4663,none
Nervous_Feelings,regression,True,mse=0.10714,r2=0.4019,none
Worrier/Anxious_Feelings,regression,True,mse=0.15546,r2=0.3665,none
Guilty_Feelings,regression,True,mse=0.14841,r2=0.2760,none
Sensitivity_to_Hurt_Feelings,regression,True,mse=0.17205,r2=0.3037,none
Tiredness/Lethargy_Frequency,regression,True,mse=0.17287,r2=0.3053,none
Enzymatic_In_Urine,regression,True,mse=12236521.12770,r2=0.6405,none
Tanning_Ease,regression,True,mse=0.13398,r2=0.0575,none
Able_to_Confide,regression,True,mse=0.11438,r2=0.0904,none
Sodium_Urine,regression,True,mse=1092.01791,r2=0.4494,none
Potassium_Urine,regression,True,mse=462.58147,r2=0.5949,none
Unenthusiasm/Disinterest_Frequency,regression,True,mse=0.09237,r2=0.4486,none
Tense/Highly_Strung,regression,True,mse=0.09239,r2=0.3666,none
Risk-Taking_Behavior,regression,True,mse=0.16802,r2=0.1462,none
Suffering_from_Nerves,regression,True,mse=0.10314,r2=0.3780,none
Tenseness/Restlessness_Frequency,regression,True,mse=0.11827,r2=0.3879,none
Post-Embarrassment_Worry,regression,True,mse=0.16919,r2=0.3221,none
Depressed_Mood_Frequency,regression,True,mse=0.08407,r2=0.5371,none
WBC_Count,regression,True,mse=0.00073,r2=0.9958,none
RBC_Count,regression,True,mse=0.03964,r2=0.9969,none
Corpuscular_Haemoglobin_Concentration,regression,True,mse=0.51932,r2=0.4514,none
Haemoglobin_Concentration,regression,True,mse=0.00387,r2=0.9975,none
Mean_Corpuscular_Haemoglobin,regression,True,mse=0.13281,r2=0.9651,none
Haematocrit,regression,True,mse=0.27617,r2=0.9871,none
Mean_Corpuscular_Haemoglobin_Concentration,regression,True,mse=0.11281,r2=0.9101,none
Blood_Cell_Erythrocyte_Distribution_Width,regression,True,mse=31.01486,r2=0.9913,none
Platelet_Count,regression,True,mse=0.00003,r2=0.9858,none
Platelet_Crit,regression,True,mse=0.01272,r2=0.9890,none
Platelet_Thrombocyte_Volume,regression,True,mse=0.19092,r2=0.3061,none
Environment_Score,regression,True,mse=0.34719,r2=0.9291,none
Irritability,regression,True,mse=0.14319,r2=0.2874,none
Hearing_Difficulty,regression,True,mse=0.17787,r2=0.0649,none
Red_Blood_Cell_(Count),regression,True,mse=0.16398,r2=0.9785,none
Eosinophill_Percentage,regression,True,mse=0.02639,r2=0.9219,none
Lymphocyte_Percentage,regression,True,mse=0.17163,r2=0.9969,none
Neutrophill_Percentage,regression,True,mse=0.07561,r2=0.9781,none
Monocyte_Percentage,regression,True,mse=0.30818,r2=0.9958,none
Eosinophill_Count,regression,True,mse=0.00057,r2=0.9710,none
Platelet_Width,regression,True,mse=0.30995,r2=0.7349,none
Neutrophill_Count,regression,True,mse=0.00027,r2=0.8899,none
Lymphocyte_Count,regression,True,mse=0.00223,r2=0.9527,none
Monocyte_Count,regression,True,mse=0.04233,r2=0.9799,none
Basophill_Count,regression,True,mse=0.00009,r2=0.8739,none
Nucleated_Red_Blood_Cell_Percentage,regression,True,mse=0.01141,r2=0.9213,none
Weekly_Moderate_Activity_Days,regression,True,mse=0.01736,r2=0.8440,none
Weekly_Vigorous_Activity_Days,regression,True,mse=0.04184,r2=0.8211,none
Diastolic_BP,regression,True,mse=38.04323,r2=0.6319,none
Pulse_Rate,regression,True,mse=91.16690,r2=0.2794,none
Systolic_BP,regression,True,mse=133.03961,r2=0.6182,none
Basophill_Percentage,regression,True,mse=0.09672,r2=0.9015,none
Reticulocyte_Count,regression,True,mse=0.00004,r2=0.9773,none
High_Light_Scatter_Reticulocyte_Count,regression,True,mse=0.00000,r2=0.9821,none
Sphered_Cell_Volume,regression,True,mse=7.33223,r2=0.7418,none
Light_Scatter_Reticulocyte_Percentage,regression,True,mse=0.12540,r2=0.3288,none
Immature_Fraction,regression,True,mse=0.00002,r2=0.9941,none
Mean_Reticulocyte_Volume,regression,True,mse=19.21475,r2=0.6895,none
Alkaline_Phosphatase,regression,True,mse=507.44511,r2=0.2811,none
Cholesterol,regression,True,mse=0.02822,r2=0.9782,none
Cystatin_C,regression,True,mse=0.01332,r2=0.6313,none
Alanine_Aminotransferase,regression,True,mse=70.46189,r2=0.6845,none
Gamma_Glutamyltransferase,regression,True,mse=923.75392,r2=0.4866,none
Creatinine_Creatinine,regression,True,mse=112.35011,r2=0.6777,none
Urea_Urea,regression,True,mse=1.15129,r2=0.4171,none
Triglycerides_Triglycerides,regression,True,mse=0.27655,r2=0.7399,none
Urate_Urate,regression,True,mse=2878.89471,r2=0.5535,none
LDL_Cholesterol,regression,True,mse=0.01279,r2=0.9833,none
C_Protein,regression,True,mse=12.72532,r2=0.2974,none
Summer_Outdoors_Time,regression,True,mse=2.91764,r2=0.5099,none
Winter_Outdoors_Time,regression,True,mse=1.55315,r2=0.5726,none
Aspartate_Aminotransferase,regression,True,mse=42.55151,r2=0.6339,none
Total_Bilirubin,regression,True,mse=1.91629,r2=0.9018,none
Apolipoprotein_B,regression,True,mse=0.00312,r2=0.9448,none
Igf_1,regression,True,mse=24.56654,r2=0.2554,none
Haemoglobin_(Hba1C),regression,True,mse=16.14193,r2=0.6392,none
Snoring,regression,True,mse=0.20626,r2=0.1223,none
NOx_Air_2010,regression,True,mse=0.20355,r2=0.9439,none
PM2.5_Absorbance_2010,regression,True,mse=0.01840,r2=0.9772,none
PM10_Air_2010,regression,True,mse=0.02771,r2=0.9750,none
PM2.5_Air_2010,regression,True,mse=0.00660,r2=0.9099,none
Caffeine_Drink,regression,False,mse=0.02196,r2=0.0244,median
Inhaler_Use,regression,False,mse=0.00735,r2=0.0481,median
Facial_Ageing,regression,True,mse=0.18129,r2=0.0603,none
FVC,regression,True,mse=0.08923,r2=0.9174,none
PEF,regression,True,mse=4913.93520,r2=0.7044,none
FEV1,regression,True,mse=0.02576,r2=0.9588,none
Over_Speed_Driving,regression,True,mse=0.19525,r2=0.2133,none
Chronotype,regression,False,mse=0.22260,r2=0.0284,median
Garden_1000m,regression,True,mse=0.81392,r2=0.8715,none
Water_1000m,regression,True,mse=15.67364,r2=0.9709,none
Garden_300m,regression,True,mse=1.14739,r2=0.8690,none
Noise_Level,regression,True,mse=4.63175,r2=0.9901,none
Greenspace_300m,regression,True,mse=12.93868,r2=0.9407,none
Greenspace_1000m,regression,True,mse=5.34329,r2=0.9586,none
First_Sexual_Intercourse,regression,True,mse=11.86485,r2=0.1890,none
Crime_Score,regression,True,mse=26.45542,r2=0.8875,none
Education_Score,regression,True,mse=14.24937,r2=0.8606,none
Housing_Score,regression,True,mse=0.07317,r2=0.8805,none
Income_Score,regression,True,mse=0.00006,r2=0.9832,none
Coast_Distance,regression,True,mse=0.00019,r2=0.9801,none
Index_of_Multiple_Deprivation,regression,True,mse=0.52451,r2=0.9973,none
Employment_Score,regression,True,mse=15.87962,r2=0.9384,none
Albumin_Albumin,regression,True,mse=3.54718,r2=0.4850,none
Calcium_Calcium,regression,True,mse=0.00511,r2=0.4311,none
HDL_Cholesterol,regression,True,mse=0.00749,r2=0.9493,none
Total_Protein,regression,True,mse=9.22529,r2=0.4502,none
Glucose_Glucose,regression,True,mse=0.66192,r2=0.6126,none
Phosphate_Phosphate,regression,True,mse=0.01922,r2=0.2563,none
Apolipoprotein_A,regression,True,mse=0.00739,r2=0.8998,none
Shbg,regression,True,mse=360.79332,r2=0.5249,none
Testosterone,regression,True,mse=4.26155,r2=0.8839,none
Direct_Bilirubin,regression,True,mse=0.05971,r2=0.9132,none
MET_Moderate,regression,True,mse=5086.36089,r2=0.9965,none
Activity_Days,regression,True,mse=0.29166,r2=0.9875,none
Activity_Recommendation,regression,True,mse=0.00002,r2=0.9999,none
MET_Walking,regression,True,mse=5936.64890,r2=0.9948,none
MET_Vigorous,regression,True,mse=6285.74163,r2=0.9954,none
IPAQ_Activity_Group,regression,True,mse=0.00048,r2=0.9968,none
Activity_Minutes,regression,True,mse=104.87300,r2=0.9896,none
Walking_Recommendation_Compliance,regression,True,mse=0.00087,r2=0.9941,none
Total_MET_Minutes_per_Week,regression,True,mse=6335.64322,r2=0.9991,none
Breastfed_Baby,regression,True,mse=0.18390,r2=0.0789,none
FEV1_Z_Score,regression,True,mse=0.00375,r2=0.9970,none
FEV1_FVC_Ratio,regression,True,mse=0.00927,r2=0.9884,none
FVC_Z_Score,regression,True,mse=0.00535,r2=0.9952,none
Spirometry_Quality,regression,True,mse=0.08186,r2=0.0990,none
Sunburns,regression,True,mse=0.21410,r2=0.1374,none
Lipoprotein_A,regression,False,mse=2356.15944,r2=0.0215,median
FEV1_(Best_Measure),regression,True,mse=0.00642,r2=0.9895,none
FVC_(Best_Measure),regression,True,mse=0.01083,r2=0.9889,none
Email_Access,regression,False,mse=0.06467,r2=0.0258,median
Bowel_Open_Min,regression,True,mse=7295.04911,r2=0.2187,none
Bowel_Open_Max,regression,True,mse=1907.53442,r2=0.4941,none
Bowel_Open_Average,regression,True,mse=4068.44912,r2=0.3667,none
Headache,regression,True,mse=0.18840,r2=0.2088,none
Breath_Shortness,regression,True,mse=0.16005,r2=0.2642,none
Heart_Pounding,regression,True,mse=0.17364,r2=0.1805,none
Back_Pain,regression,True,mse=0.20411,r2=0.1495,none
Limb_Joint_Pain,regression,True,mse=0.16754,r2=0.1635,none
Tiredness,regression,True,mse=0.15552,r2=0.3162,none
Sleep_Trouble,regression,True,mse=0.16397,r2=0.2664,none
Dizziness,regression,True,mse=0.16016,r2=0.1864,none
Nausea,regression,True,mse=0.10358,r2=0.1875,none
Chest_Pain,regression,True,mse=0.09515,r2=0.2064,none
Fainting,regression,True,mse=0.02884,r2=0.0934,none
Loose_Stools_Frequency,regression,True,mse=0.19391,r2=0.1692,none
Hard_Stools_Frequency,regression,True,mse=0.20094,r2=0.1928,none
Urinary_Frequency,regression,True,mse=0.22031,r2=0.1083,none
Abdomen_Pain_Frequency,regression,True,mse=0.13654,r2=0.4499,none
Recent_Abdominal_Pain,regression,True,mse=0.11318,r2=0.4575,none
Abdominal_Distension,regression,True,mse=0.12470,r2=0.3120,none
Bowel_Satisfaction,regression,True,mse=0.11267,r2=0.2667,none
Bowel_Interference,regression,True,mse=0.15387,r2=0.3840,none
Coeliac_Disease,regression,False,mse=0.01618,r2=0.0477,median
IBS,regression,True,mse=0.08246,r2=0.2479,none
Caesarian_Born,regression,False,mse=0.02584,r2=0.0132,median
Sensitive_Stomach,regression,True,mse=0.12573,r2=0.2929,none
Childhood_Antibiotics,regression,True,mse=0.11160,r2=0.0798,none
Alcohol-Related_Injury,regression,True,mse=0.03446,r2=0.0933,none
Alcohol_Drinking_Frequency,regression,True,mse=0.04356,r2=0.4509,none
Serious_Accident,regression,True,mse=0.08273,r2=0.0628,none
Combat_War_Exposure,regression,True,mse=0.03397,r2=0.0647,none
Appetite_Changes,regression,True,mse=0.10221,r2=0.3431,none
Stressful_Thoughts,regression,True,mse=0.12213,r2=0.3859,none
Concentration_Issues,regression,True,mse=0.09228,r2=0.3689,none
Alcohol_Reduction_Recommendation,regression,True,mse=0.06356,r2=0.1625,none
Stress_Upset,regression,True,mse=0.12909,r2=0.4505,none
Cannabis_Use,regression,True,mse=0.12062,r2=0.2852,none
Violent_Death_Witness,regression,True,mse=0.10684,r2=0.0847,none
Avoided_Stressful_Activities,regression,True,mse=0.11409,r2=0.3014,none
Movement/Speech_Changes,regression,True,mse=0.04043,r2=0.2784,none
Recent_Tiredness/Low_Energy,regression,True,mse=0.12960,r2=0.4816,none
Violent_Crime_Victim,regression,True,mse=0.13953,r2=0.1039,none
Sleep_Disturbances,regression,True,mse=0.13989,r2=0.4401,none
Recent_Restlessness,regression,True,mse=0.06582,r2=0.3790,none
Health-Related_Happiness,regression,True,mse=0.07755,r2=0.2775,none
Recent_Loss_of_Interest,regression,True,mse=0.06951,r2=0.5438,none
Physical_Abuse_Child,regression,True,mse=0.12559,r2=0.1692,none
Prolonged_Sadness/Depression,regression,True,mse=0.11611,r2=0.5318,none
Loss_of_Interest,regression,True,mse=0.10975,r2=0.5404,none
Felt_Hated_Child,regression,True,mse=0.10187,r2=0.2082,none
Belittlement_Partner,regression,True,mse=0.12995,r2=0.2890,none
Self-Harm_History,regression,True,mse=0.03025,r2=0.2708,none
Physical_Violence_Adult,regression,True,mse=0.08520,r2=0.2633,none
Professional_Mental_Help,regression,True,mse=0.09884,r2=0.5859,none
Relaxation_Difficulty,regression,True,mse=0.09671,r2=0.5312,none
Sexual_Interference_Partner,regression,True,mse=0.04193,r2=0.2413,none
Recent_Depression,regression,True,mse=0.07231,r2=0.5820,none
Uncontrollable_Worrying,regression,True,mse=0.06690,r2=0.6334,none
Recent_Nervousness/Anxiety,regression,True,mse=0.09104,r2=0.5473,none
Self-Harm_Contemplation,regression,True,mse=0.06572,r2=0.4576,none
Excessive_Worrying,regression,True,mse=0.08668,r2=0.6060,none
Life_Threatening_Illness,regression,True,mse=0.10246,r2=0.2421,none
Felt_Loved_Child,regression,False,mse=0.01200,r2=0.0489,median
Recent_Irritability,regression,True,mse=0.12271,r2=0.3905,none
Recent_Foreboding,regression,True,mse=0.08438,r2=0.4020,none
Recent_Inadequacy,regression,True,mse=0.08905,r2=0.4241,none
General_Happiness,regression,True,mse=0.03505,r2=0.2935,none
Life_Worthlessness,regression,True,mse=0.11928,r2=0.4400,none
Take_Doctor_Child,regression,True,mse=0.01835,r2=0.0953,none
Recent_Suicidal/Self-Harm_Thoughts,regression,True,mse=0.02573,r2=0.3898,none
Substance/Behavior_Addiction,regression,True,mse=0.04985,r2=0.1453,none
Molested_Child,regression,True,mse=0.05788,r2=0.2745,none
Sexual_Assault_Victim,regression,True,mse=0.08077,r2=0.3780,none
Mental_Distress_Impact,regression,True,mse=0.09673,r2=0.5618,none
Pay_Rent_Mortgage,regression,True,mse=0.02908,r2=0.0683,none
Mania/Excitability,regression,True,mse=0.03714,r2=0.1225,none
Life_Meaningfulness,regression,True,mse=0.01426,r2=0.0799,none
Confiding_Relationship,regression,True,mse=0.07173,r2=0.1078,none
Extreme_Irritability,regression,True,mse=0.14411,r2=0.2507,none
Family_IBS,regression,True,mse=0.12395,r2=0.1030,none
Prolonged_Anxiety,regression,True,mse=0.13143,r2=0.3255,none
Protein,regression,True,mse=124.35085,r2=0.8720,none
Energy,regression,True,mse=71430.10976,r2=0.9931,none
Folate,regression,True,mse=4286.06229,r2=0.7532,none
Carbohydrate,regression,True,mse=222.16047,r2=0.9801,none
Alcohol,regression,True,mse=57.53842,r2=0.9072,none
Food_Weight,regression,True,mse=193223.76103,r2=0.7794,none
Iron_Iron,regression,True,mse=4.05186,r2=0.8502,none
Potassium,regression,True,mse=137361.19459,r2=0.9389,none
Vitamin_C,regression,True,mse=7278.99181,r2=0.5623,none
Carotene,regression,True,mse=4624624.62934,r2=0.5419,none
Vitamin_D,regression,True,mse=2.28493,r2=0.8168,none
Magnesium,regression,True,mse=1471.57836,r2=0.9081,none
Vitamin_B12,regression,True,mse=5.88117,r2=0.8119,none
Vitamin_E,regression,True,mse=6.29204,r2=0.7832,none
Starch,regression,True,mse=167.00839,r2=0.9470,none
Calcium,regression,True,mse=30679.32814,r2=0.8555,none
Saturated_Fat,regression,True,mse=11.78611,r2=0.9532,none
Total_Sugars,regression,True,mse=183.39533,r2=0.9492,none
Polyunsaturated_Fat,regression,True,mse=7.23715,r2=0.9111,none
Fat,regression,True,mse=28.71385,r2=0.9789,none
Vitamin_B6,regression,True,mse=0.10019,r2=0.8677,none
Englyst_Fibre,regression,True,mse=11.03254,r2=0.8089,none
Vitamin_User,regression,True,mse=0.08917,r2=0.6308,none
Bread_Consumed,regression,True,mse=0.08354,r2=0.3368,none
Spent_Doing_Light_Physical_Activity,regression,True,mse=0.05829,r2=0.0683,none
Portion_Size,regression,True,mse=0.06970,r2=0.0648,none
Typical_Diet_Yesterday,regression,True,mse=0.13465,r2=0.1069,none
Tea_Consumed,regression,True,mse=0.05722,r2=0.6469,none
Breakfast_Consumed,regression,True,mse=0.07511,r2=0.6729,none
Non_Alcoholic_Drinks,regression,True,mse=0.07657,r2=0.3486,none
Alcohol_Consumed,regression,True,mse=0.00033,r2=0.9987,none
Spent_Doing_Vigorous_Physical_Activity,regression,True,mse=0.19698,r2=0.2047,none
Starchy_Consumers,regression,True,mse=0.13371,r2=0.3293,none
Soup_Consumers,regression,True,mse=0.10607,r2=0.1133,none
Savoury_Consumers,regression,True,mse=0.17472,r2=0.2513,none
Cheese_Consumers,regression,True,mse=0.16514,r2=0.3291,none
Fish_Consumer,regression,True,mse=0.06765,r2=0.6731,none
Meat_Consumers,regression,True,mse=0.08056,r2=0.6246,none
Egg_Consumers,regression,True,mse=0.09082,r2=0.4468,none
Coffee_Consumed,regression,True,mse=0.08438,r2=0.6113,none
Ice_Cream_Consumers,regression,True,mse=0.18249,r2=0.2361,none
Dessert_Consumers,regression,True,mse=0.16362,r2=0.2443,none
Sweet_Consumers,regression,True,mse=0.19481,r2=0.2175,none
Spreads_Consumers,regression,True,mse=0.21045,r2=0.1582,none
Vegetable_Consumers,regression,True,mse=0.06133,r2=0.5858,none
Fruit_Consumers,regression,True,mse=0.08802,r2=0.4201,none
Vegetarian_Intake,regression,True,mse=0.03005,r2=0.1757,none
Milk_Type_Consumed,regression,True,mse=180268.51615,r2=0.2382,none
Spent_Doing_Moderate_Physical_Activity,regression,True,mse=0.14973,r2=0.1860,none
cataract_time,skipped_excluded,False,,,none
Retinol,regression,True,mse=7209.44864,r2=0.8217,none
glaucoma_time,skipped_excluded,False,,,none
AMD_time,skipped_excluded,False,,,none
DR_time,skipped_excluded,False,,,none
